<?xml version="1.0" encoding="UTF-8" standalone="no" ?>
<!DOCTYPE properties SYSTEM "http://java.sun.com/dtd/properties.dtd">
<properties>
    <comment/>
    <entry key="insertMember">
        INSERT INTO MEMBER (MEM_ID, MEM_NAME, MEM_MONEY)
        VALUES (?,?,?)
    </entry>
    <entry key="viewallStock">
        SELECT * FROM STOCK
    </entry>
    <entry key="myInfo">
        SELECT * FROM MEMBER WHERE MEM_ID = ?
    </entry>
    <entry key="calcStock">
        SELECT MEM_NAME, STK_NAME, AVG(STK_PRICE), SUM(STK_COUNT)
        FROM TRANSACTION
        GROUP BY STK_NAME
    </entry>
    <entry key="addMoney">
        UPDATE MEMBER
        SET MEM_MONEY = MEM_MONEY + ?
        WHERE MEM_ID = ?
    </entry>
    <entry key="selectStock">
        SELECT * FROM STOCK
        WHERE STK_NAME = ?
    </entry>
    <entry key="insertTransaction">
        INSERT INTO TRANSACTION (MEM_NAME, STK_NAME, STK_PRICE, STK_COUNT)
        VALUES (?, ?, ?, ?)
    </entry>
    <entry key="truncateMember">
        TRUNCATE TABLE MEMBER
    </entry>
    <entry key="truncateTransaction">
        TRUNCATE TABLE TRANSACTION
    </entry>
    <entry key="searchStock">
        SELECT * FROM STOCK
        WHERE STK_NAME LIKE CONCAT(?,'%')
    </entry>
    <entry key="viewallTransaction">
        SELECT * FROM TRANSACTION
    </entry>

    <entry key="deleteStock">
        DELETE FROM STOCK
        WHERE STK_NAME = ?
    </entry>
</properties>